{"cameraMode":{"drawMode":0,"name":"Shaded","section":"Shading Mode"},"sceneLighting":false,"audioPlay":false,"sceneViewState":{"showFog":true,"showMaterialUpdate":false,"showSkybox":false,"showFlares":true,"showImageEffects":true,"showParticleSystems":true},"in2DMode":false,"pivot":{"x":0.015005894005298615,"y":3.0,"z":-5.091020107269287},"rotation":{"x":0.6894475817680359,"y":0.009773210622370243,"z":-0.009306088089942932,"w":0.7242148518562317},"size":1.6942474842071534,"orthographic":true}