{"cameraMode":{"drawMode":0,"name":"Shaded","section":"Shading Mode"},"sceneLighting":false,"audioPlay":false,"sceneViewState":{"showFog":true,"showMaterialUpdate":false,"showSkybox":false,"showFlares":true,"showImageEffects":true,"showParticleSystems":true},"in2DMode":false,"pivot":{"x":-50.154991149902347,"y":3.0,"z":7.328979969024658},"rotation":{"x":0.6413922905921936,"y":-0.0011548000620678068,"z":0.0009639275376684964,"w":0.767216682434082},"size":1.6942474842071534,"orthographic":true}